Topic 1	Topic 2	Topic 3	Topic 4	Topic 5	Topic 6
between	&	the	a	health	cell
%	group	of	to	social	disease
higher	increased	and	with	datum	treatment
age	expression	in	for	association	patient
than	chicken	that	wa	woman	case
used	broiler	I	on	among	severe
rate	total	from	were	associated	infection
model	concentration	by	study	who	objective
stres	diet	be	i	outcome	response
both	acid	these	thi	population	acute
factor	development	have	effect	mortality	report
those	performance	but	are	income	syndrome
lower	quality	more	an	relationship	respiratory
me	gene	may	not	education	aim
low	feed	&#	result	man	t
did	blood	after	it	child	clinical
first	egg	been	at	risk	human
such	protein	can	or	mental	revealed
against	decreased	also	level	difference	evaluate
examined	chick	role	had	household	detected
estimate	into	their	which	measure	sarscov
white	ratio	sample	using	individual	caused
test	embryo	change	during	research	cancer
affect	weight	characteristic	ha	childhood	antibody
greater	muscle	no	finding	family	viru
interaction	production	exposure	however	examine	function
estimated	growth	suggest	compared	evidence	coronaviru
support	liver	through	our	economic	yearold
each	bird	use	number	survey	outbreak
source	meat	analysi	other	year	viral
period	reproductive	most	showed	inequality	therapy
body	stage	found	variable	about	transmission
young	kg	high	observed	state	diagnosed
trajectory	supplementation	time	one	while	experimental
aged	laying	including	potential	socioeconomic	assay
linear	plasma	two	control	whether	inflammatory
future	mrna	provide	increase	gender	tumor
remain	follicle	important	all	impact	tissue
mean	determined	death	symptom	life	pcr
month	content	activity	well	indicator	rat
longterm	exposed	although	significantly	physical	left
later	per	based	present	how	bone
confirmed	fatty	reported	different	regression	following
evaluated	fed	there	could	country	species
	wherea	key	significant	status	sequencing
	phase	method	system	literature	describe
	therefore	only	mechanism	adult	isolate
	lipid	related	when	public	contact
	before	pattern	condition	person	lesion
	performed	addition	further	overall	testing
	value	better	respectively	prevalence	china
	dietary	positive	behavior	les	primary
	conducted	improved	investigate	birth	treated
	breast	food	pathway	disparity	los
	serum	within	improve	school	resistance
	signaling	three	investigated	wellbeing	hi
	animal	common	cause	poor	spread
	reduced	male	new	obesity	immune
	receptor	recent	included	adulthood	remained
	design	should	analyzed	immigrant	proliferation
	conclusion	asses	aimed	acros	rna
	experiment	show	indicated	living	b
	randomly	because	type	work	technique
	novel	incidence	analysis	intervention	small
	parameter	might	under	policy	expressed
	activation	developed	review	hypothesi	induce
	final	approach	analyze	national	herein
	induced	inclusion	studied	cohort	diagnosi
	detection	relative	variou	water	realtime
	involved	collected	repeated	maternal	aimthe
		known	week	women	abstract
		without	environmental	financial	
		region	multivariate	united	
		vaccine	close	black	
		several	out	longitudinal	
		identified	event	program	
		reduce	compare	contribute	
		identify	major	burden	
		considered	purpose	educational	
		need	target	likely	
		some	culture	american	
		increasing	depression	growing	
		indicate	followed	negative	
		size	reference	paper	
		due	elevated	particularly	
		suggested	made	determinant	
		many	possible	strength	
		environment		information	
		measured		demographic	
		community		older	
		importance		current	
		same		having	
		determine		controlling	
		understanding		racial	
		proces		critical	
		play		if	
		obtained		vary	
		chronic		term	
		demonstrated		race	
		early		context	
		effective		score	
		average		linked	
		history		stressor	
		any		benefit	
		improving		strong	
		&&#		area	
		alone		urban	
		where		sociodemographic	
		thu		explain	
		led		odd	
		index		examining	
		suggesting		question	
		variation		do	
		shown		structural	
		day		find	
		specific		lifecourse	
		moreover		setting	
		multiple		poverty	
		consistent		often	
		highlight		adverse	
		influence		multilevel	
		unique		highest	
		relation		researcher	
		lead		representative	
		least		mixed	
		general		opportunity	
		improvement		relatively	
		correlated		assessed	
		explore		apply	
		comparison		part	
		underlying		decline	
		previou		focused	
		composition		differ	
		appear		focu	
		consequence			
		range			
		large			
		being			
		available			
		what			
		similar			
		direct			
		contrast			
		proportion			
		healthy			
		component			
		differential			
		extent			
		especially			
		highly			
		domain			
		up			
		will			
		either			
		implication			
		way			
		calculated			
		main			
		applied			
		develop			
		then			
		positively			
		potentially			
		protective			
		lung			
		decrease			
		despite			
		mas			
		little			
		administration			
		additive			
		profile			
		here			
		developing			
		live			
		particular			
		frequency			
		gain			
		larger			
		behavioral			
		female			
		knowledge			
		second			
		insight			
		cluster			
		even			
		enhanced			
		via			
		resulted			
		widely			
		limited			
		tested			
		unclear			
		prevention			
		regarding			
		understand			
		would			
		essential			
		controlled			
		around			
		short			
